H Number,Hardware,Part Number
1575991,,E8TF-12A650-BY2A
1583420,Not Available,56040250AG
1527427,Not Available,56029202AA
1547995,Not Available,56040254AE
1612450,Not Available,89661-35820
1621591,56040616,56040616AG
1554780,Not Available,56044563AE
1591914,,F4ZF-12A650-EA
1525539,,4686930
1595541,,37820-P0B-A51
1518847,Not Available,56029202AA
1386027,56041606,56041606AG
1570528,,4686672
1545130,,56044357AA
1529537,,56044563AL
1569067,,04606895AB
1637619,,56041930AE
1161400,,89661-34170
1622567,,"1838078C94, 1845117C2, 1845117C3, 1845117C4, 1845117C5, 1845117C6, 1887099C2, 3C34-12B599-AA, 4C34-12B599-AA, 4C34-12B599-AB, 4C34-12B599-AC, 4C34-12B599-AD."
1549233,,37820-P28-A02
1571171,,37820-P72-A01
1548858,,"1845117C2, 1845117C3, 1845117C4, 1845117C5, 1845117C6, 1887099C2, 3C34-12B599-AA, 4C34-12B599-AA, 4C34-12B599-AB, 4C34-12B599-AC & 4C34-12B599-AD"
1540081,Not Available,56044690AA
1611873,,4686672
1587770,,89661-60090
1586469,56028649AA*,56040218AB
1523296,Not Available,56029202AA
1546313,56040616,56040616AJ
1512867,56041945,56041945AF
919890,,37820-P0B-A51
1627211,,4686670
1512244,,56028504AB
1559183,,37820-P28-A02
1023333,4606801,04606801AB
1602297,Not Available,56028545AD
1359136,,89661-04290
1500602,,37820-P07-A00
1521063,Not Available,56040202AC
1579123,4606801,04606801AB
1511438,Not Available,56040250AC
1638134,,05293191AC
1576733,H30A-31UX0A,23703-1UX0A
1594321,Not Available,56044563AG
1570116,,04896146AA
1026286,T0W04,89661-0W040
1648436,,1227747
1594869,56040616,56040616AJ
1445287,C1249,89661-12490
1570426,4896146,04896146AB
1621379,X33F4,89661-33F41
1577399,,04801062AE
1609171,A0658,89661-06580
1612464,,P68345830AB
1639241,56040220,56040220AB
1473131,H31S-0JA01A,23710-JA01A
1635723,M28-S10~,PY8B-18-881B
1649979,,68105507AB
1637099,E80-948,12669908
1627217,V42A8,89661-42A80
1557385,68243305AA-B,68298483AC
1585072,X30B0,89661-30B00
1616653,D0807,89661-08070
1585180,X5030,89661-50303
1293675,,89661-2423184
1449571,CYS11~,04896033AC
1608989,,19205198
1077961,A06G1,89661-06G14
1538999,05150888AD,05150888AD
1561929,H31A-31VX9A,23703-1VX9A
1519897,U3514,89666-35140
1530835,U38B-63A,8162440490
1412123,H31S-33AB0A,23703-3AB0A
1549308,FV6A-12B684-AB,HJ5A-12A650-MA
1571602,FL3A-12B684-EA,FL3A-12A650-XA
1560765,M24F-S04~,L3R1-18-881E
1594493,,F2TF-12A650-AXB
1603598,,5150888AD
1597446,H30A-3KA45A,23703-KA45A
1563777,A06G1,89661-06C41
1549154,V0726,89661-07260
1579383,,04801062AD
1588230,M28-501~,PE02-18-881E
1597035,M24-T18~,L539-18-881K
1599435,,68243303AA
1606830,,37820-PR4-A11
1606965,,55353231
1613599,,850A-12A650-EE
1605844,V42F9,89661-42F90
1626481,,MEC118-040-C1
1617249,U24,25181752
1641378,H31A-0ZX10A,23710-ZX10A
1633207,E78-AB8E,12692865
1487375,C0Z63,89661-0Z630
1540648,H31A-09N04B,23710-9N04B
1561600,,68257650AA
1547001,H20-0ZP16A,23710-ZP16A
1380830,56029506,56029506AA
1633550,,MEC910-230
1516035,H31A-09HA7A,23710-9HA7A
1594052,X3334,89661-33340
1617845,68259137AA-B,68265666AF
1271257,68243309AB,68243309AB
1638976,H20-0ZP41A,23710-ZP41A
1363647,U3542,89666-35420
1226581,E92-68B,12692068
1524508,H31A-0ZX70A,23710-ZX70A
1564109,E78-201E,12692201
1576541,H20-0CC25A,23710-CC25A
1584707,J10-00M275,23710-0M275
1522087,H31A-0ZX10A,23710-ZX56A
1556578,,A50A-12A650-FA
1592549,E92-93A,12665217
1532034,FL3A-12B684-BEB,GK4A-12A650-KF
1561920,H20-0ZH010,23710-ZH010
1621638,U0CB9,89661-0CB91
1543817,M24-F02~,L3DF-18-881A
1532225,,4801062AE
1588875,E39A-V02S,12667002
1627068,E80-507,12672502
1503428,U0C11,89661-0C110
1545586,D29-T25~,PEAB-18-881A
1501862,X4860,89661-48600
1552309,X5053,89661-50531
1526277,,55353231
1068165,D50-802~,N3H6-18-881J
1615323,EDC16C2,56044776AB
1585382,A0625,89666-06251
1385433,H20-0ZH105,23710-ZH105
1545329,H31A-0ZX10A,23710-ZX56A
982243,E92-93A,12656993
1540812,H20-0EH11B,23710-EH11B
1542315,56028649AA*,56040218AB
1570945,D29-502~,PEBV-18-881B
1411833,H20-0ZP17A,23710-ZP17A
1513190,X3334,89661-33340
1440407,A06K6,89661-06K60
1561434,H20-0ZP37A,23710-ZP37A
1571594,Q0C55,89661-0C550
1548309,A0X05,89661-0X050
1577784,68330909AA,68445716AC
1554647,GC3A-12B684-BA,GC2A-12A650-SA
1133426,E92-93A,12692067
1553776,E78-201E,12668986
1618598,A06D9,89661-06D91
1554638,H31A-0ZX10A,23710-ZX56A
1591514,E67-TP1,19210737
1593698,,89661-2435084
1577996,,55565020
1582762,,PSAP-18881-A
1636900,FL1A-12B684-AA,FL1A-12A650-BA
1632342,H20-09J51A,23710-9J51A
1641833,,23710-9DF0C
1467544,,37820-P0B-A51
1493690,V0R30,89661-0R300
1561518,,55560279 (UL)
1569035,GB5A-12B684-HA,GB5A-12A650-JA
1626272,M25-T10~,LFS7-18-881C
1478630,Not Available,56044631AB
1539481,H31A-31VX9A,23703-1VX9A
1203177,,19205290
1562925,68243303AB,68243303AB
1515779,U3514,89666-35141
1557168,H31S-0JB00A,23710-JB00A
1532892,A06G1,89661-06G10
1562709,M24-T15~,L3AS-18-881A
1496368,E78-AB8E,12692865
1545631,,68259136AA
1536336,H30A-01NX6B,23710-1NX6B
1484901,,CUST GAVE PN: 56026974
1590037,68259137AB,68316600AE
1608725,U44Z-140,8972895101
1210534,T04B8,89661-04B80
1549934,H31S-33AB0A,23703-3AB0A
1573660,H20-09FF4A,23710-9FF4A
1528040,H62-05M105,23710-5M105
1518634,H30A-31UX1A,23703-1UX1A
1593339,DS7A-12B684-DA,ES7A-12A650-AL
1609281,X53J2,89661-53J20
1538617,H20-0ZL04A,23710-ZL04A
1573997,T0425,89661-04250
1642519,U3542,89666-35420
1544300,,37820-P28-A52
1290475,68258531AA-B,68292105AF
1323616,DA8A-12B684-AA,EA5A-12A650-LB
1424942,A0618,89666-06181
1599785,X5358,89661-53580
1589770,V42A9,89661-42A91
1645393,P4719,89661-47190
1625923,A0618,89666-06180
1544573,,55353231
1579603,,56028139AB
1607015,V42A8,89661-42A81
1628737,A06J5,89661-06J50
1610897,H20-06Z55A,23710-6Z55A
1404146,,05094701AB
1382563,H31A-01VK1A,23710-1VK1B
1433251,H20-0CB800,23710-CB800
1504365,,F4TF-12A650-ZA
1387082,EDC16C2,56044775AA
1457708,C02K4,89661-02K41
1513291,H20-09J360,23710-9J360
1558699,V0734,89661-07340
1549257,,4686727
1550023,U23,96499747
1452403,D0827,89661-08270
1572662,,19204480
1569462,H31S-0JB00A,23710-JB00A
1603345,U44Z-140,8972895101
1597325,C0Z09,89661-0Z090
1534835,,4686728
1573153,,1887099C2
1576011,C02K2,89661-02K23
1593993,,89661-35650
1606564,H20-0EA24A,23710-EA24A
1602726,56040220,56040220AB
1612787,M20-F01~,L3P6-18-881G
1538187,Not Available,56040259AB
1616719,X3003,89666-30030
1626922,A06J4,89661-06J42
1565716,H20-09GE7B,23710-9GE7B
1583424,A06J1,89661-06J11
1635366,X2423,89661-24230
1529657,V0R52,89661-0R522
1557394,U3541,89666-35410
1552545,C02L2,89661-02L21
1414991,X5030,89661-50303
1633075,Not Available,56044563AB
1628289,A33A7,89661-06A00
1573149,U41,9366810
1612772,X3A55,89661-3A552
1613801,,68259135AA
1638880,G4869,89661-48692
1645636,,89661-0R471
1126005,X5055,89661-50551
1124880,E92-93A,12656993
1600780,D22-T13~,LFS9-18-881E
1567744,A06T2,89661-06T21
1582202,,4686728
1601902,H30A-31UX0A,BEM390-000 A1
1584623,,LF8M-18-9E1G
1545317,V42A8,89661-42A81
1587694,H20-09J562,23710-9J562
1556543,,24256861
1591715,68331184AA,68331184AA
1515539,H20-0CF90A,23710-CF90A
1582549,C02K2,89661-02K23
1185911,E78-AB8E,12643636
1565091,H31A-0ZX58A,23710-ZX58A
1555956,X5313,89661-53131
1555869,V4266,89661-42820
1587773,H20-39FM0,23703-9FM0A
1584381,H62-04W020,23710-4W021
1502198,T0425,89661-04250
1543663,BV61-12B684-BC,FM5A-12A650-ADB
1595676,68328875AA,68405813AE
1612830,H62-05W511,23710-5W510
1543661,H20-09J51A,23710-9J51A
1510329,X50A1,89661-50C01
1543825,,37820-P0J-L61
1612925,X5015,89661-50151
1552142,H31S-0ZN93B,23710-ZN93B
1596439,J17-02Y963,23710-2Y963
1553029,,55565020
1633641,X3028,89666-30282
1599430,H11B-04S510,23710-4S510
1410843,E78-AB8E,12647241
1257020,E56-242,9153242
1503501,E78-AB8E,12643636
1189294,E2B16,89661-2B161
1560081,68258531AA-B,68250525AH
1568409,05150926AB,68454508AC
1561301,E92-93A,12656993
1533251,X4812,89661-48121
1586834,H20-0ZH33A,23710-ZH33A
1550958,,4686672
1625614,E82-794,12687296
1622062,E80-507,12672502
1456336,H20-0ZV00A,23710-ZV00A
1584236,,F2PF-12A650-AXA
1537714,G4874,89661-48740
1586969,H31A-31VX9A,23703-1VX9A
1412254,H20-0EA29A,23710-EA29A
1562800,H30A-01WW5C,23710-1WW5C
1619972,,4686671
1637834,N2152,89661-21520
1539637,D0827,89661-08271
1646049,JTP-WJ0447~,56044564AB
1513430,D0827,89661-08170
1194258,D29-S11~,PY1T-18-881E
1643580,,56028026
1554355,M20-T01~,LF68-18-881D
1632567,U0CB9,89661-0CD00
1112530,E92-93A,12656993
1626075,,37820-PAB-A54
1217673,E92-93A,12692067
1539285,E92-93A,12656993
1506202,56028647AA,56040205AB
1520710,X3068,89661-30681
1512538,A3T55,89661-3T551
1551366,FJ5A-12B684-AA,GS7A-12A650-JC
1555279,,56028313
1562448,U0CC2,89661-0CC21
1409927,H31S-33VB0A,23703-3VB0A
1581966,H31A-0JA80A,23710-JA80A
1536122,V0T08,89661-0T081
1553968,U44Z-920,8093921690
1265984,,5234855
1611806,G4869,89661-48690
1613998,,5150888AD
1502796,,56026790
1634066,A0X04,89661-0X040
982975,,89661-02220
1611249,E80-948,12700116
1625573,X3325,89666-33253
1539143,H20-0CG710,23710-CG710
1578435,A0W11,89661-0W111
1604076,A33A7,89661-06A00
1625924,,37820-P28-A01
1599087,H30A-03JA4A,23710-3JA4A
1489983,,89661-22330
1620088,56028649AA*,56040218AB
1543750,,24239785
1198063,E92-93A,12692067
1333015,E92-68B,12692068
1517105,,F5TF-12A650-JB
1513244,,89661-34230
1531409,H20-09CA1A,23710-9CA1A
1462730,X2423,89661-24230
1549460,U3D60,89661-3D600
1521917,E80-507,12672502
1572074,68259135AB,68259135AB
1569217,C02F5,89661-02F52
1599740,FJ5A-12B684-BA,FJ5A-12A650-LA
1612545,A33A7,89661-06A00
1602644,H31A-0ZX10A,23710-ZX56A
1543646,H20-0ZP37A,23710-ZP37A
1599346,DS7A-12B684-DA,ES7A-12A650-CVB
1593030,68331185AA,68331185AA
1583228,D0809,89661-08093
1543912,X5066,89661-50660
1601726,H31A-0ZX10A,23710-ZX56A
1614657,,56044562AD
1611121,A0659,89661-06590
1615636,A06B3,89661-06B30
1615029,,56041930AE
1616272,,37820-PAA-L61
1565192,J18B-018Y00,23710-18Y00
1632120,V4288,89661-42880
1527858,05017959AA,05269833AI
1516522,,23710-EA015
1637557,H30A-33JA0A,23703-3JA0A
1610878,J17-05Y010,23710-5Y010
1537903,U0CG0,89661-0CG00
1572386,E2009,89666-20091
1601492,H30A-31UX1A,23703-1UX1A
1613726,H30A-31UX0A,23703-1UX0A
1636589,U3517,89666-35170
1641327,,23710-ZL11A
1548316,,55567225
1346094,,1887099C2
1600344,E80-948,12669908
1512101,E80-948,12700116
1542630,X3023,89666-30230
1459225,,37820-P06-L50
1443243,,04896681AB
1587525,68243303AB,68243303AB
1575138,H31A-01SX1A,23710-1SX1A
1515388,X3003,89666-30030
1586649,,P68413872AH
1212440,,F81B-14B205-EN
1533499,G48B6,89661-48B62
1598218,,56027488 (UL)
1606337,,56027141
1605006,U0CB4,89661-0CB40
1170497,U0C60,89661-0C601
1535463,V42G2,89661-42G21
1557064,,37820-P0B-A51
1607984,V0726,89661-07311
1433076,05018492AA,56028506AB
1437962,,68243303AA
1560851,V42A9,89661-42A90
1523671,,55353231
1601981,,55565020
1552653,68434928AA,68434928AA
1632891,U3512,89666-35120
1546938,U0CC1,89661-0CC11
1566123,H62-09S210,23710-9S210
1064382,,89661-3D320
1538292,,89661-02220
1522854,V0R30,89661-0R300
1546154,,37820-P0A-A51
1558057,E78-AB8E,12643636
1478393,X4807,89661-48070
1581189,H20-0ZD81B,23710-ZD81C
1341421,,56044357AB
1529449,,89661-1A52184
1581787,A0W11,89661-0W111
1553396,M28-T24~,PE19-18-881A
1510773,T0451,89661-04510
1622837,A0X05,89661-0X050
1621414,C02F5,89661-02M91
1542516,H20-07Y210,23710-7Y210
1575433,H30A-01NS2A,23710-1NS2A
1534562,H62-09S210,23710-9S210
1572424,A06G1,89661-06G10
1610532,C02K4,89661-02K43
1598283,V42A8,89661-42A80
1600412,H31A-0ZX10A,23710-ZX56A
1617797,T0425,89661-04250
1637530,E92-68B,12692068
1467637,68243295AB,68243295AB
1607699,H31A-01VK3A,23710-1VK3A
1587474,C0Z09,89661-0Z091
1172432,,19205368
1637954,D22-T08~,L32G-18-881C
1463903,,56040206AC
1599064,,4686607
1609381,,56005707
1301522,X3A55,89661-3A551
1258418,E78-AB8E,12643636
1539766,Y52L7,89661-52Q50
1562647,,68257650AA
1483934,D22-T13~,LFS9-18-881F
1563065,C0ZD4,89661-0ZD40
1490935,H31A-09HC0A,23710-9HC0A
1497624,,5150767AC
1559619,E39A-H98S,12653998
1597573,H20-0ZD85A,23710-ZD85A
1480201,H20-0ZK01A,23710-ZK01B
1535298,C02K2,89661-02D01
1536589,E67-AH2,12624927
1560771,G4869,89661-48690
1592004,V0734,89661-07340
1624865,DPC-203,F5TF-12A650-BTE
1228596,,55565020
1555955,X5030,89661-50304
1587989,X5030,89661-50303
1494039,U44Z-140,8972895101
1577718,H31A-31VX9A,23703-1VX9A
1399958,C02K5,89661-02K50
1611413,,89661-07410Â 
1613288,E35-LZY,19260753
1560298,A06F7,89661-06F70
1634254,H31A-09N04B,23710-9N04B
1635771,H20-09J55A,23710-9J55B
1647968,,LFJE-18-9E1A
1624791,M28-501~,PEAT-18-881
1639306,H31A-0JM00B,23710-JM00B
1570588,X50D6,89661-50D60
1592811,A06K7,89661-06K73
1617046,,55565020
1588699,U3514,89666-35140
1522206,Not Available,56040259AB
1628483,Not Available,56040259AD
1617649,H31S-0JB00A,23710-JB00A
1206297,V0T15,89661-0T151
1378353,,P68243295AB
1529752,C02F5,89661-02F52
1562179,68331185AA,68331185AA
1564846,X3318,89661-33180
1530905,H62-09S210,23710-9S210
1412231,,56040491AA
1507582,68259136AA-B,68317067AC
1549361,E78-AB8E,12692200
1521173,H20-0CC22B,23710-CC22B
1571815,E80-948,12669908
1599289,T04J2,89661-04J20
1571045,C02F5,89661-02M90
1597981,H31S-33VB0A,23703-3VB0A
1574909,A0X05,89661-0X050
1570627,,68243307AA
1597485,E92-68B,12678939
1588620,H31A-09HA7A,23710-9HA7A
1547003,U0CN4,89661-0CN40
1599571,U0CN4,89661-0CN40
1608259,H30A-31UX0A,23703-1UX0A
1606574,V4265,89661-42810
1614248,H20-0ZD85A,23710-ZD85B
1582004,C0Z63,89661-0Z630
1618091,J17-05Y010,23710-5Y010
1613452,C02R0,89661-02R02
1643074,H20-0ZH41A,23710-ZH41B
1634747,C02K5,89661-0Z041
1527183,V0724,89661-07240
1498943,X33F4,89661-33F41
1496215,,37820-P0A-A51
1563323,,68190506AP
992861,E78-AB8E,12642100
1633618,A06G1,89661-06G11
1385730,,94859293
1588638,H31A-0ZX71A,23710-ZX71A
1613364,Not Available,23703-5HA0A
1631615,,04707994AE
1387643,68331180AB,68331180AB
1644831,H20-0ZP50A,23710-ZP50A
1256582,H31A-0ZY70A,23710-ZY70A
1457972,H31A-09HA7A,23710-9HA7A
1525325,U44G-G45,19299227
1428055,E92-70D,12692070
1500686,H20-08U320,23710-8U320
1480686,V42F6,89661-42E50
1584762,R6061,89661-60610
1594606,A33A7,89661-06A00
1522113,X3319,89661-33191
1556610,,OG PN GV6A-12A650-GD
1515075,M28-PY9V~,PY9V-18-881
1093910,E92-68B,12692068
1180988,U35B4,89661-35B41
1618350,X30D9,89661-30D90
1532229,H20-0CM32B,23710-CM32B
1497129,05150888AD,05150888AD
1600065,,55565020
1607541,V42F7,89661-42C30
1510847,V4265,89661-42812
1555436,68243304AB,68243304AB
1164107,A0W11,89661-0W110
1560047,U23,96394553
1540248,U44Z-160,8972870023
1630967,C02L4,89661-02L40
1551226,,23713-4W000
1493584,E55-SB3,55563993
1465184,,56029503AA
1446744,E78-AB8E,12692200
1562279,U44C-482,12209624
1274024,H20-09J51A,23710-9J51A
1538261,,4606550
1557375,,56040491AA
1571144,D0806,89661-08060
1528808,U3559,89666-35591
1510572,,37820-P28-A01
1578992,H20-0ZE50A,23710-ZE50A
1488999,H31A-0ZX10A,23710-ZN65A
1503163,,68243307AA
1580171,,850A-12A650-CF
1548908,A06K6,89661-06K62
1537494,H11B-02W711,23710-2W711
1611335,J17-02Y915,23710-2Y915
1626846,,55567225
1590240,H20-05W905,23710-5W905
1574802,H31S-09AA8A,23710-9AA8A
1608467,M24F-L5A9,L5A9-18-881D
1607913,M24-T19~,LF8M-18-881E
1593187,U3517,89666-35170
1591056,H31A-31VX9A,23703-1VX9A
1637275,A06G4,89661-06G40
1597647,V4266,89661-42661
1611747,G4835,89661-48350
1645170,E92-68B,12692068
1149483,E77-952,55567952
1561383,V42U7,89661-42U70
1563388,H31A-01UM2A,23710-1UM2A
1149236,E92-93A,12692067
1582335,C02K2,89661-02K20
1175868,V0734,89661-07340
1539073,U0C54,89661-0C540
1539923,H20-0AC705,23710-AC705
1562254,H20-0EA62B,23710-EA62B
1519691,68330909AA,68330909AA
1578109,,56027303
1546689,FL3A-12B684-EA,FL3A-12A650-XA
1559812,GS7A-12B684-AA,HS7A-12A650-ABB
1551984,H30A-31UX0A,23703-1UX0A
1597047,H20-0CF90A,23710-CF90A
1535741,,23710-1W610
1536786,A06K9,89661-06K91
1556843,V0T05,89661-0T051
1592870,,12B599
1602629,H31S-0JA01A,23710-JA01A
1521661,C02K4,89661-02K43
1092493,E92-70D,12692070
1640905,A06K6,89661-06K63
1494127,C02L8,89661-02L80
